5,1738827623135
13,1738827695047
17,1738827765340
19,1738827795117
20,1738827808798
10,1738827878429
10,1738827912673
12,1738827932765
14,1738827937414
11,1738827962181
8,1738828043872
8,1738828050320
5,1738828081514
15,1738828119020
20,1738828127328
6,1738828139412
6,1738828145051
20,1738828154771
15,1738828155109
20,1738828177448
11,1738828198462
2,1738828361260
4,1738828364684
12,1738828379629
7,1738828490241
6,1738828574672
12,1738828604164
11,1738828612738
15,1738828638954
15,1738828641169
6,1738828679474
1,1738828679519
16,1738828699835
17,1738828703919
11,1738828721416
10,1738828832278
9,1738828834560
12,1738828865599
3,1738828866004
5,1738828896110
3,1738828945948
1,1738829060511
8,1738829131922
2,1738829159935
2,1738829168222
11,1738829178220
3,1738829219983
8,1738829222869
8,1738829230143
18,1738829298372
19,1738829330325
6,1738829423248
12,1738829456528
19,1738829474918
5,1738829494451
19,1738829532216
14,1738829534838
11,1738829671662
7,1738829762829
19,1738829786681
14,1738829792357
16,1738829807634
9,1738830060700
16,1738830136188
10,1738830143106
16,1738830202172
11,1738830221830
13,1738830230002
8,1738830247299
4,1738830254684
8,1738830283510
20,1738830300960
11,1738830359332
16,1738830368809
14,1738830393276
11,1738830402452
4,1738830403144
5,1738830438069
18,1738830520601
15,1738830524718
3,1738830545820
4,1738830625772
4,1738830693332
9,1738830700879
6,1738830743748
17,1738830757655
13,1738830761668
7,1738830786986
9,1738830878036
4,1738830888052
10,1738830927629
17,1738830948796
20,1738830977362
8,1738831048677
3,1738831071799
15,1738831141455
6,1738831184716
8,1738831219872
7,1738831240501
4,1738831283437
3,1738831321520
1,1738831392927
13,1738831419144
15,1738831422019
17,1738831425466
7,1738831439034
10,1738831490898
20,1738831556265
1,1738831573472
15,1738831579294
20,1738831681486
7,1738831687349
15,1738831693973
5,1738831714942
7,1738831903381
14,1738831903728
14,1738831948546
13,1738832010604
5,1738832052084
3,1738832068061
13,1738832099442
2,1738832102939
9,1738832173522
15,1738832229074
11,1738832292360
11,1738832294220
19,1738832348660
9,1738832357612
20,1738832373835
12,1738832505432
11,1738832546783
2,1738832548152
16,1738832569172
10,1738832610737
20,1738832623255
14,1738832629391
19,1738832731271
13,1738832745454
2,1738832829990
17,1738832832253
14,1738832843381
3,1738832844733
11,1738832875933
15,1738832877740
7,1738832945598
15,1738832946703
18,1738832987659
17,1738832995211
4,1738832998989
7,1738833020803
11,1738833043131
12,1738833132994
4,1738833204170
19,1738833205064
16,1738833233436
14,1738833287088
19,1738833296437
14,1738833343063
16,1738833405305
20,1738833420091
1,1738833446911
4,1738833450068
11,1738833480296
10,1738833518087
18,1738833535521
7,1738833547365
4,1738833586069
15,1738833642250
19,1738833681750
6,1738833708465
7,1738833712801
15,1738833777120
20,1738833789401
8,1738833804888
4,1738833820849
7,1738833867397
17,1738833880026
2,1738833915868
9,1738833970333
2,1738833972273
14,1738833985139
1,1738834012488
7,1738834032193
7,1738834047315
1,1738834048396
8,1738834198820
7,1738834217923
3,1738834260863
5,1738834264165
14,1738834301884
7,1738834452264
18,1738834473174
7,1738834506017
20,1738834507527
10,1738834575303
13,1738834597385
2,1738834614934
8,1738834704730
20,1738834743589
7,1738834807881
5,1738834901651
1,1738834961775
2,1738834964282
19,1738835006924
11,1738835020500
19,1738835083420
3,1738835121098
11,1738835139306
7,1738835257877
11,1738835293622
13,1738835303685
10,1738835310085
9,1738835312292
6,1738835331004
9,1738835376290
15,1738835392381
11,1738835441780
10,1738835486033
4,1738835507487
7,1738835512449
13,1738835531613
12,1738835642944
2,1738835726395
19,1738835749089
16,1738835768656
9,1738835770214
15,1738835775178
6,1738835793838
11,1738835810503
6,1738835846938
12,1738835897220
4,1738835915270
8,1738835997588
10,1738835998077
3,1738836086804
11,1738836168870
13,1738836208185
12,1738836238081
2,1738836262794
19,1738836279280
15,1738836281844
8,1738836313140
16,1738836336273
10,1738836348340
6,1738836349360
20,1738836366483
12,1738836380134
11,1738836381710
18,1738836384984
8,1738836413884
8,1738836465166
2,1738836557114
4,1738836570895
19,1738836585743
19,1738836603107
2,1738836696057
2,1738836699857
15,1738836719895
19,1738836739807
19,1738836742573
17,1738836813704
14,1738836830018
6,1738836848841
20,1738836873520
12,1738836886035
2,1738836913580
6,1738836960155
17,1738836967205
17,1738837033837
2,1738837041748
14,1738837051325
16,1738837051446
17,1738837056625
1,1738837062117
11,1738837068519
7,1738837101624
5,1738837134713
19,1738837191678
17,1738837206021
5,1738837228241
2,1738837249502
7,1738837278187
7,1738837306536
3,1738837313032
1,1738837316373
14,1738837345387
7,1738837369304
7,1738837436834
10,1738837442455
7,1738837463956
15,1738837599962
10,1738837605481
4,1738837674355
20,1738837703869
14,1738837711380
7,1738837752250
13,1738837802132
8,1738837848716
16,1738837988770
2,1738838013637
3,1738838035820
15,1738838036999
2,1738838059112
16,1738838089886
18,1738838114530
12,1738838222874
2,1738838244748
8,1738838247603
6,1738838269611
3,1738838276977
16,1738838314638
5,1738838342436
1,1738838351035
18,1738838371125
19,1738838532438
17,1738838629329
11,1738838714191
7,1738838754330
8,1738838803154
17,1738838820150
5,1738838844228
20,1738838866272
18,1738838906632
12,1738838908976
4,1738838927666
3,1738838935746
2,1738838949472
17,1738839080905
14,1738839126323
17,1738839153702
5,1738839180523
1,1738839256576
10,1738839291243
7,1738839323787
1,1738839324333
3,1738839331059
18,1738839331375
6,1738839355134
5,1738839374685
6,1738839418430
10,1738839438559
10,1738839490029
12,1738839517410
12,1738839562876
4,1738839581448
9,1738839644574
4,1738839709843
2,1738839827794
7,1738839873797
8,1738839891305
20,1738839925725
9,1738839950898
3,1738839962676
1,1738840156795
15,1738840200158
1,1738840217577
20,1738840222762
2,1738840257449
7,1738840272091
16,1738840296772
1,1738840313126
16,1738840353822
9,1738840398637
9,1738840486972
7,1738840505587
14,1738840515530
3,1738840515534
13,1738840539668
9,1738840592359
12,1738840674437
6,1738840697081
11,1738840711854
15,1738840827429
4,1738840839364
19,1738840873998
10,1738840957485
20,1738841015870
10,1738841058617
18,1738841058960
10,1738841225923
7,1738841249336
8,1738841321459
12,1738841347775
17,1738841364005
7,1738841369342
3,1738841404176
1,1738841413265
8,1738841481845
2,1738841604198
10,1738841624591
9,1738841629913
6,1738841645636
3,1738841665539
15,1738841733871
5,1738841839540
3,1738841847807
2,1738841868619
12,1738841883957
13,1738841886953
1,1738841902504
20,1738841951440
8,1738841951584
14,1738841956601
8,1738842010181
13,1738842033704
18,1738842036769
4,1738842089555
1,1738842094684
16,1738842109984
19,1738842110819
6,1738842150141
1,1738842152533
17,1738842200817
2,1738842209200
16,1738842222255
4,1738842250540
16,1738842252403
10,1738842291304
17,1738842299492
1,1738842306040
20,1738842354983
12,1738842368788
19,1738842410844
1,1738842421913
2,1738842423593
12,1738842429170
9,1738842499690
5,1738842657182
9,1738842669593
17,1738842673086
18,1738842677450
15,1738842737337
2,1738842751255
14,1738842812183
20,1738842873203
13,1738842878865
1,1738842900678
10,1738842927732
1,1738842980151
16,1738843081742
14,1738843170722
20,1738843209606
18,1738843262321
1,1738843267788
11,1738843501686
19,1738843652439
10,1738843704759
13,1738843772878
11,1738843867874
12,1738843876609
19,1738843916049
7,1738843916124
18,1738843955295
9,1738843967525
17,1738844036458
2,1738844044937
11,1738844102092
4,1738844168619
11,1738844275621
6,1738844276939
14,1738844291106
20,1738844340255
5,1738844360787
4,1738844368818
13,1738844452194
5,1738844509473
15,1738844535067
7,1738844552431
16,1738844565915
11,1738844641781
4,1738844653403
8,1738844663768
20,1738844730628
10,1738844783876
11,1738844798583
7,1738844799792
16,1738844852656
9,1738844861612
8,1738844880825
5,1738844892913
20,1738844919769
10,1738844936097
16,1738844981027
4,1738844981634
18,1738845013957
5,1738845045507
6,1738845101655
5,1738845105558
17,1738845115206
7,1738845169940
10,1738845180062
9,1738845232814
16,1738845260341
1,1738845274881
4,1738845286656
19,1738845366037
1,1738845498453
11,1738845537130
15,1738845596379
13,1738845602543