9, 1738830723194, PUBLISH
16, 1738829879466, PUBLISH
5, 1738830949115, PUBLISH
3, 1738832288598, PUBLISH
10, 1738828444792, PUBLISH
9, 1738829535104, CLICK
14, 1738828135370, PUBLISH
1, 1738828782145, PUBLISH
7, 1738830493544, PUBLISH
13, 1738831726293, PUBLISH
16, 1738829011506, CLICK
11, 1738831106311, PUBLISH
10, 1738830908408, CLICK
17, 1738830252678, PUBLISH
6, 1738828987697, PUBLISH
10, 1738832605946, CLICK
17, 1738831531284, CLICK
20, 1738830288108, PUBLISH
6, 1738830872381, CLICK
7, 1738828614208, CLICK
16, 1738827731027, CLICK
7, 1738829971876, CLICK
9, 1738832726137, CLICK
11, 1738828223034, CLICK
6, 1738829376088, CLICK
6, 1738829917284, CLICK
10, 1738831966069, CLICK
15, 1738828413701, PUBLISH
12, 1738828976311, PUBLISH
11, 1738830811460, CLICK
5, 1738830326169, CLICK
5, 1738830016848, CLICK
14, 1738831073351, CLICK
10, 1738828609776, CLICK
1, 1738828653882, CLICK
17, 1738827847711, CLICK
14, 1738829802795, CLICK
18, 1738830108628, PUBLISH
3, 1738827627444, CLICK
11, 1738830503224, CLICK
20, 1738831859047, CLICK
14, 1738832139163, CLICK
12, 1738830695626, CLICK
6, 1738829273629, CLICK
7, 1738832232320, CLICK
9, 1738830973688, CLICK
12, 1738832100794, CLICK
20, 1738827800696, CLICK
20, 1738832076878, CLICK
10, 1738829791478, CLICK
16, 1738831796537, CLICK
17, 1738831451967, CLICK
18, 1738832453204, CLICK
20, 1738831377371, CLICK
17, 1738830847549, CLICK
18, 1738832439962, CLICK
9, 1738832323264, CLICK
3, 1738831606977, CLICK
16, 1738830373365, CLICK
13, 1738832642448, CLICK
14, 1738831196971, CLICK
1, 1738831782173, CLICK
7, 1738832752364, CLICK
7, 1738829411017, CLICK
3, 1738828032429, CLICK
20, 1738829630342, CLICK
7, 1738831275619, CLICK
13, 1738829775398, CLICK
12, 1738829990639, CLICK
14, 1738828868288, CLICK
7, 1738830732103, CLICK
8, 1738828425930, PUBLISH
1, 1738828265666, CLICK
12, 1738827974957, CLICK
16, 1738828105580, CLICK
3, 1738828752993, CLICK
10, 1738828839294, CLICK
5, 1738828353527, CLICK
11, 1738829874555, CLICK
8, 1738828939579, CLICK
10, 1738831254013, CLICK
13, 1738827748595, CLICK
7, 1738832520783, CLICK
8, 1738829861630, CLICK
20, 1738831423761, CLICK
9, 1738828541625, CLICK
9, 1738828615616, CLICK
13, 1738828624449, CLICK
16, 1738828470370, CLICK
1, 1738829739335, CLICK
15, 1738830890342, CLICK
14, 1738831904851, CLICK
4, 1738829549171, PUBLISH
17, 1738832606626, CLICK
11, 1738829086800, CLICK
12, 1738829004727, CLICK
17, 1738831966274, CLICK
13, 1738831983879, CLICK
8, 1738831463524, CLICK
19, 1738828812783, PUBLISH
16, 1738832588205, CLICK
1, 1738829517968, CLICK
1, 1738828546565, CLICK
6, 1738828673019, CLICK
6, 1738828526042, CLICK
1, 1738828406778, CLICK
19, 1738830202196, CLICK
7, 1738830301933, CLICK
16, 1738832228567, CLICK
16, 1738828547638, CLICK
14, 1738829443511, CLICK
17, 1738831344801, CLICK
20, 1738829727975, CLICK
18, 1738830457085, CLICK
11, 1738832147312, CLICK
16, 1738828175958, CLICK
9, 1738831519150, CLICK
1, 1738831455136, CLICK
6, 1738832134053, CLICK
6, 1738832062884, CLICK
9, 1738831147735, CLICK
3, 1738830849557, CLICK
5, 1738831630602, CLICK
9, 1738831417663, CLICK
17, 1738828025677, CLICK
11, 1738829268113, CLICK
11, 1738830984646, CLICK
12, 1738827972798, CLICK
16, 1738830379897, CLICK
9, 1738830389833, CLICK
11, 1738832572229, CLICK
2, 1738831857190, PUBLISH
18, 1738827829058, CLICK
20, 1738831761094, CLICK
8, 1738828774815, CLICK
17, 1738832551817, CLICK
14, 1738829027223, CLICK
6, 1738832305514, CLICK
11, 1738828795952, CLICK
1, 1738832186252, CLICK
4, 1738832375819, CLICK
9, 1738831124440, CLICK
10, 1738830349924, CLICK
13, 1738831754328, CLICK
10, 1738832472785, CLICK
15, 1738829597954, CLICK
17, 1738830644441, CLICK
13, 1738831342853, CLICK
10, 1738832840939, CLICK
16, 1738828536320, CLICK
13, 1738828184808, CLICK
9, 1738832690270, CLICK
18, 1738832042347, CLICK
7, 1738830289288, CLICK
11, 1738829535267, CLICK
2, 1738832685567, CLICK
20, 1738828498710, CLICK
14, 1738832392317, CLICK
11, 1738832111139, CLICK
11, 1738830164678, CLICK
3, 1738832090451, CLICK
14, 1738830404529, CLICK
16, 1738828622575, CLICK
18, 1738829119430, CLICK
3, 1738829388500, CLICK
10, 1738829630337, CLICK
5, 1738828374887, CLICK
3, 1738832939980, CLICK
5, 1738830257751, CLICK
9, 1738832950513, CLICK
19, 1738830142852, CLICK
19, 1738828718616, CLICK
16, 1738831982315, CLICK
2, 1738831770112, CLICK
15, 1738828407736, CLICK
11, 1738830745280, CLICK
2, 1738828723460, CLICK
6, 1738830514687, CLICK
7, 1738828813139, CLICK
2, 1738832396151, CLICK
15, 1738829287999, CLICK
13, 1738829054160, CLICK
4, 1738832931698, CLICK
14, 1738831552880, CLICK
14, 1738830319038, CLICK
5, 1738830199986, CLICK
19, 1738832549452, CLICK
2, 1738830492671, CLICK
2, 1738829477828, CLICK
15, 1738829654244, CLICK
9, 1738828313606, CLICK
13, 1738832661490, CLICK
3, 1738832124274, CLICK
15, 1738829195276, CLICK
15, 1738830203765, CLICK
17, 1738828485440, CLICK
3, 1738832851600, CLICK
15, 1738829333276, CLICK
2, 1738830155117, CLICK
6, 1738832898435, CLICK
12, 1738827875882, CLICK
1, 1738829733255, CLICK
18, 1738830765472, CLICK
11, 1738827680769, CLICK
1, 1738830543946, CLICK
7, 1738829371278, CLICK
15, 1738831957745, CLICK
10, 1738832865298, CLICK
10, 1738828299443, CLICK
8, 1738828513664, CLICK
4, 1738832707258, CLICK
6, 1738832642882, CLICK
3, 1738831028580, CLICK
16, 1738828842826, CLICK
8, 1738829782192, CLICK
11, 1738827854142, CLICK
9, 1738829724691, CLICK
10, 1738829082507, CLICK
11, 1738827649853, CLICK
20, 1738828743139, CLICK
20, 1738831595987, CLICK
17, 1738829714592, CLICK
5, 1738827696432, CLICK
8, 1738830838530, CLICK
13, 1738831073694, CLICK
18, 1738829816372, CLICK
15, 1738832942753, CLICK
12, 1738832595845, CLICK
14, 1738832285710, CLICK
17, 1738831023337, CLICK
7, 1738829171949, CLICK
16, 1738830223478, CLICK
20, 1738832214595, CLICK
7, 1738830239961, CLICK
1, 1738832395165, CLICK
16, 1738832492859, CLICK
2, 1738830792548, CLICK
8, 1738829918626, CLICK
16, 1738828525578, CLICK
13, 1738829922601, CLICK
17, 1738827635465, CLICK
3, 1738829274923, CLICK
11, 1738831518566, CLICK
6, 1738828695770, CLICK
2, 1738829175165, CLICK
18, 1738832055536, CLICK
15, 1738831661467, CLICK
17, 1738832940597, CLICK
3, 1738830543758, CLICK
2, 1738831859528, CLICK
4, 1738828777977, CLICK
1, 1738829625831, CLICK
13, 1738831255149, CLICK
4, 1738827910329, CLICK
8, 1738828710729, CLICK
14, 1738827896665, CLICK
11, 1738831007207, CLICK
18, 1738828859935, CLICK
14, 1738830866569, CLICK
19, 1738832478907, CLICK
18, 1738830514437, CLICK
15, 1738828663724, CLICK
3, 1738831117037, CLICK
10, 1738831014103, CLICK
17, 1738828183080, CLICK
9, 1738828122279, CLICK
4, 1738831876049, CLICK
20, 1738828672172, CLICK
8, 1738832674119, CLICK
20, 1738828586549, CLICK
8, 1738830625788, CLICK
10, 1738829877886, CLICK
13, 1738828038951, CLICK
18, 1738830579984, CLICK
5, 1738832369757, CLICK
9, 1738828759332, CLICK
2, 1738832148464, CLICK
6, 1738832211683, CLICK
2, 1738832468389, CLICK
6, 1738832840033, CLICK
3, 1738829546938, CLICK
17, 1738832516049, CLICK
2, 1738832182192, CLICK
11, 1738828716413, CLICK
5, 1738831187417, CLICK
4, 1738832949243, CLICK
12, 1738832429980, CLICK
5, 1738831066442, CLICK
9, 1738832630173, CLICK
4, 1738831785994, CLICK
1, 1738829268559, CLICK
9, 1738830795687, CLICK
11, 1738829802265, CLICK
3, 1738828244568, CLICK
3, 1738830130979, CLICK
7, 1738830059326, CLICK
8, 1738829862702, CLICK
10, 1738830716229, CLICK
9, 1738831208000, CLICK
18, 1738828645343, CLICK
15, 1738828980138, CLICK
11, 1738827714413, CLICK
2, 1738828797339, CLICK
15, 1738832810974, CLICK
18, 1738830660538, CLICK
15, 1738830836722, CLICK
9, 1738832974735, CLICK
9, 1738828815210, CLICK
1, 1738832406258, CLICK
15, 1738830412169, CLICK
20, 1738828775538, CLICK
6, 1738829708560, CLICK
16, 1738832631861, CLICK
7, 1738830051482, CLICK
9, 1738829402975, CLICK
10, 1738830013532, CLICK
4, 1738829171221, CLICK
14, 1738828248262, CLICK
8, 1738831870240, CLICK
12, 1738828605916, CLICK
20, 1738828417121, CLICK
14, 1738830722350, CLICK
13, 1738832122631, CLICK
4, 1738832705633, CLICK
8, 1738830955260, CLICK
10, 1738828308489, CLICK
10, 1738828762716, CLICK
17, 1738832556388, CLICK
20, 1738831514083, CLICK
17, 1738830349804, CLICK
1, 1738831472284, CLICK
9, 1738832086991, CLICK
13, 1738828772758, CLICK
10, 1738828822325, CLICK
10, 1738831839561, CLICK
8, 1738829300078, CLICK
15, 1738827938946, CLICK
19, 1738830645586, CLICK
1, 1738832166474, CLICK
7, 1738830384509, CLICK
11, 1738830311464, CLICK
13, 1738831077054, CLICK
20, 1738832195024, CLICK
12, 1738832934769, CLICK
12, 1738830763289, CLICK
10, 1738831521286, CLICK
8, 1738827670150, CLICK
1, 1738831820637, CLICK
1, 1738830046334, CLICK
7, 1738832148626, CLICK
3, 1738828629484, CLICK
12, 1738832420876, CLICK
5, 1738831911911, CLICK
7, 1738829859189, CLICK
5, 1738829970514, CLICK
4, 1738829050144, CLICK
19, 1738830696173, CLICK
17, 1738829980725, CLICK
15, 1738829636501, CLICK
3, 1738828265926, CLICK
9, 1738832847608, CLICK
19, 1738830203523, CLICK
11, 1738827972748, CLICK
2, 1738829088493, CLICK
3, 1738829220694, CLICK
3, 1738828891408, CLICK
18, 1738832290744, CLICK
5, 1738830276244, CLICK
5, 1738830911996, CLICK
4, 1738832283834, CLICK
6, 1738830040097, CLICK
3, 1738828267149, CLICK
12, 1738828159563, CLICK
19, 1738830616124, CLICK
5, 1738828037792, CLICK
3, 1738832902036, CLICK
9, 1738829713465, CLICK
6, 1738830011629, CLICK
3, 1738827834919, CLICK
16, 1738828964139, CLICK
11, 1738829321852, CLICK
6, 1738832436719, CLICK
3, 1738831472243, CLICK
3, 1738827808725, CLICK
8, 1738832987492, CLICK
2, 1738832975283, CLICK
3, 1738830463336, CLICK
3, 1738828382758, CLICK
11, 1738830847963, CLICK
13, 1738831285396, CLICK
11, 1738829320452, CLICK
5, 1738832506583, CLICK
18, 1738830103497, CLICK
20, 1738827630962, CLICK
7, 1738831206189, CLICK
14, 1738830526798, CLICK
12, 1738830872048, CLICK
7, 1738829029363, CLICK
8, 1738832022871, CLICK
17, 1738827656871, CLICK
10, 1738829961024, CLICK
16, 1738831302756, CLICK
13, 1738831705460, CLICK
3, 1738828559624, CLICK
18, 1738827918637, CLICK
3, 1738829677443, CLICK
9, 1738827906269, CLICK
11, 1738832650447, CLICK
10, 1738829994643, CLICK
4, 1738829669987, CLICK
10, 1738828705859, CLICK
18, 1738831195510, CLICK
20, 1738829543694, CLICK
16, 1738828090773, CLICK
20, 1738830038444, CLICK
11, 1738832246987, CLICK
8, 1738827867250, CLICK
10, 1738831807071, CLICK
11, 1738828996208, CLICK
7, 1738829833431, CLICK
2, 1738831114327, CLICK
2, 1738831550259, CLICK
15, 1738831618138, CLICK
7, 1738829147521, CLICK
3, 1738832369100, CLICK
10, 1738829739154, CLICK
10, 1738830908137, CLICK
4, 1738829559659, CLICK
13, 1738832455444, CLICK
6, 1738828575656, CLICK
7, 1738829649474, CLICK
1, 1738827657431, CLICK
4, 1738830775727, CLICK
18, 1738828304179, CLICK
20, 1738829463052, CLICK
10, 1738829921226, CLICK
16, 1738830299221, CLICK
11, 1738831469933, CLICK
2, 1738829809842, CLICK
3, 1738830328430, CLICK
6, 1738832627995, CLICK
14, 1738829469959, CLICK
11, 1738832977043, CLICK
18, 1738829961822, CLICK
14, 1738828916106, CLICK
17, 1738831542158, CLICK
3, 1738829925834, CLICK
16, 1738832307916, CLICK
2, 1738828283582, CLICK
8, 1738827871399, CLICK
9, 1738829132504, CLICK
12, 1738832541592, CLICK
17, 1738832861616, CLICK
2, 1738832445281, CLICK
18, 1738828390967, CLICK
6, 1738832968068, CLICK
9, 1738832833404, CLICK
20, 1738829894544, CLICK
17, 1738828435933, CLICK
2, 1738827691482, CLICK
19, 1738828597600, CLICK
13, 1738831370267, CLICK
4, 1738831219855, CLICK
14, 1738827949004, CLICK
10, 1738830647370, CLICK
1, 1738832713767, CLICK
8, 1738831527705, CLICK
5, 1738832431142, CLICK
12, 1738830567932, CLICK
11, 1738830443609, CLICK
17, 1738830439936, CLICK
19, 1738829365141, CLICK
6, 1738829963700, CLICK
15, 1738831978552, CLICK
15, 1738830358399, CLICK
12, 1738828977485, CLICK
11, 1738832439447, CLICK
13, 1738828290601, CLICK
12, 1738827658955, CLICK
14, 1738832325445, CLICK
11, 1738829822922, CLICK
7, 1738831391268, CLICK
12, 1738831860979, CLICK
11, 1738830343749, CLICK
2, 1738830016675, CLICK
2, 1738830936365, CLICK
5, 1738831500152, CLICK
4, 1738830328019, CLICK
1, 1738830297700, CLICK
8, 1738830721674, CLICK
15, 1738829781459, CLICK
19, 1738827873738, CLICK
1, 1738831987069, CLICK
8, 1738832169276, CLICK
13, 1738828056878, CLICK
3, 1738831683148, CLICK
16, 1738830212689, CLICK
4, 1738829816146, CLICK
2, 1738830820843, CLICK
10, 1738830471542, CLICK